开标时间,开标地点,项目名称,政府采购计划编号,项目负责人,联系电话,采购方式,采购预算,投标截止时间,采购地址,采购代理地址,采购联系人,采购代理联系人,采购电话,采购代理电话
2020年05月12日 10:00,湖南省公共资源交易中心(长沙市雨花区万家丽南路二段29号）详见当天电子显示屏,环境空气质量复合监测站（超级站）―灰霾在线源解析专项设备采购项目,湘财采计[2020]000280号,莫尧典,13548973608,公开招标,"10,645,000元",2020年05月12日 10:00,长沙市万家丽中路3段118号,湖南省长沙市蔡锷南路天辰腾达商务大厦,荣兴 ,莫尧典  薛浩 ,0731-82592358,0731-85177561/2    zcb7503@qq.com  
2020年05月13日 09:00,株洲市公共资源交易中心六楼开标室（地址,湖南工业大学2020耗材一批,湘财采计[2020]000350号,刘巧燕,13974150055,公开招标,"1,549,301.17元",2020年05月13日 09:00,湖南省株洲市天元区泰山西路88号,株洲市天元区庐山路中信庐山一号公寓楼5楼512室,肖钦 ,施婷婷 ,22183169,0731-28282776 
2020年05月08日 10:00,湖南省公共资源交易中心（长沙市雨花区万家丽路二段29号，天际岭隧道南；开标室见大厅电子显示屏）,湖南省科学技术馆轨道交通展厅布展设计、施工一体化标段项目,湘财采计[2019]010775号,陈景,0731-84486133,公开招标,"3,000,000元",2020年05月08日 10:00,长沙市天心区杉木冲西路9号,长沙市天心区友谊路413号运成大厦12楼,刘建华 ,陈景 ,89808557,0731-84486133 
2020年05月09日 10:00,湖南省公共资源交易中心(长沙市雨花区万家丽南路二段29号），详见当天电子显示屏,省级教育信息化基础设施建设-教育厅无线网改造,湘财采计[2020]000323号,冉光玲、王璜,13687368993,公开招标,"1,430,000元",2020年05月09日 10:00,新建西路77号,长沙市雨花区迎新路御溪国际3栋2440,朱凯 ,冉光玲、王璜 ,89728306,0731-82293870 
2020年05月09日 10:00,湖南省公共资源交易中心（长沙市雨花区万家丽路二段29号，天际岭隧道南；开标室见大厅电子显示屏）,湖南省委党校湖南行政学院燃气锅炉（设施）低氮改造,湘财采计[2020]000351号,王先生,17775772681,公开招标,"2,560,142.15元",2020年05月09日 10:00,湖南省长沙市岳麓区白云路386号,长沙市开福区德雅路浏河村巷38号,刘奇 ,王先生、沈女士 ,13787202908,17775772681（王）、13319512552（沈)  
2020年05月07日 09:00,湖南省公共资源交易中心(长沙市雨花区万家丽南路二段29号）相应开标室（详见当天电子显示屏）。 ,省级网络安全保障升级（网络安全预警监控平台建设及数据中心网络安全基础设施保障项目）,湘财采计[2020]000229号,何绍基,19892853989,公开招标,"1,700,000元",2020年05月07日 09:00,长沙市新建西路77号,长沙市芙蓉区东二环一段1139（湖南国际商务中心5楼528室）,吴先生 ,何绍基 ,0731-85357697,19892853989 
2020年05月08日 10:00,长沙市雨花区万家丽路二段29号湖南省价格信息市场（湖南省招标投标交易中心）,湖南省村级财务统一软件2020年半年运维服务,湘财采计[2020]000310号,倪超,85177561,公开招标,"840,000元",2020年05月08日 10:00,湖南省五一大道351号,湖南省长沙市蔡锷南路天辰腾达商务大厦,周婧 ,倪  超  薛  浩  周  敏 ,82212160,0731-85177566 
2020年05月08日 09:00,湖南省公共资源交易中心(长沙市雨花区万家丽南路二段29号）相应开标室（详见当天电子显示屏）,湖南省生态环境监测中心移动式水质自动监测车采购项目,湘财采计[2020]000154号,张敏,15116178899,公开招标,"6,860,000元",2020年05月08日 09:00,长沙市万家丽中路三段118号南栋617办公室,长沙市雨花区湘府东路二段108号水岸天际新寓1栋915-923室,荣兴 ,阳先生、张女士 ,0731-82592358,0731-84430086 
2020年05月08日 10:00,湖南省公共资源交易中心,东塘校区物业管理服务,湘财采计[2020]000190号,胡老师,073188458756,公开招标,6802881.45元,2020年05月08日 10:00,长沙岳麓区含浦科教园区,长沙市雨花区万家丽路二段29号,胡老师 ,欧益清,073188458756 ,89665210 
2020年05月08日 09:00,湖南正兴项目管理有限公司（长沙市芙蓉中路一段319号绿地中心T2栋1108室）,2019年实验室通风系统采购项目,湘财采计[2019]015994号,龙女士,0731-89913056,公开招标,"1,099,375元",2020年05月08日 09:00,湖南省娄底市娄星区氐星路,长沙市芙蓉中路一段319号绿地中心T2栋1108室,段老师 ,王女士、龙女士 ,0738-8918128,0731-89913056 
2020年05月08日 10:00,湖南省公共资源交易中心,2020-2021学年教材采购,湘财采计[2020]000239号,张莉,22783844,公开招标,6200000元,2020年05月08日 10:00,湖南省株洲市石峰区田心大道18号,长沙市雨花区万家丽路二段29号,张莉 ,欧益清,22783844 ,89665210 
2020年05月06日 10:00,湖南省公共资源交易中心(长沙市雨花区万家丽南路二段29号）相应开标室。,湖南省农药风险监测能力建设,湘财采计[2020]000362号,左丽、朱明丽,85163966,公开招标,"4,250,000元",2020年05月06日 10:00,湖南省长沙市教育街66号,湖南省长沙市芙蓉区车站北路459号(烈士公园东门南侧)湖南证券大厦六层,刘春来 ,左丽、朱明丽 ,0731-82569857,0731-85163966  
2020年05月07日 10:00,湖南省公共资源交易中心(长沙市雨花区万家丽南路二段29号）指定开标室。,2020年度国家级非遗代表性传承人记录,湘财采计[2020]000300号,李正达,0731-84514487,公开招标,"4,000,000元",2020年05月07日 10:00,长沙市天心区杉木冲西路69号,长沙市湘府东路二段199号招标大厦,刘隽 ,李开银、李正达 ,85286171,0731-84514487 
2020年05月06日 10:00,衡阳市公共资源交易中心（具体详见交易中心大厅公示）,湖南工学院中央财政第三批（工训中心、材化学院）重新立项,湘财采计[2019]013604号,覃峰,18273495569,公开招标,"625,800元",2020年05月06日 10:00,湖南省衡阳市珠晖区衡花路18号,长沙市天心区友谊路413号运成大厦12楼,黄煜 ,陈景  邓美玉 ,0734―3452029,18973166718 
2020年05月07日 10:00,湖南省公共资源交易中心（万家丽南路二段29号）,湖南省博物馆2020年特展宣传推广,湘财采计[2020]000349号,沈梦、聂艳君,0731-84169657,公开招标,"1,170,000元",2020年05月07日 10:00,长沙市东风路50号,长沙市雨花区湘府中路117号高升金典商务楼房12层,申国辉 ,沈梦、聂艳君、粟智超 ,84535566-8411,0731-84169657 
2020年05月08日 10:00,湖南省公共资源交易中心(长沙市雨花区万家丽南路二段29号）相应开标室,水土保持遥感图斑现场复核,湘财采计[2019]016425号,余群,0731-85519161,公开招标,"2,000,000元",2020年05月08日 10:00,湖南省长沙市雨花区韶山北路370号,湖南省长沙市雨花区劳动西路528号现代华都家园5栋1101房,邓娟娟 ,刘先生、余女士 ,0731-85483383、0731-85483148,0731-85519161 
2020年05月08日 10:00,湖南省公共资源交易中心(长沙市雨花区万家丽南路二段29号）详见当天电子显示屏,省教育督导网络平台、学籍系统、中职招生信息平台技术服务,湘财采计[2020]000353号,冉光玲,0731-82293870,公开招标,"1,050,000元",2020年05月08日 10:00,新建西路77号,长沙市雨花区迎新路御溪国际3栋2440,吴清昊 ,冉光玲、王璜 ,84729708,0731-82293870 
2020年05月06日 10:00,湖南省公共资源交易中心(长沙市雨花区万家丽南路二段29号）相应开标室.,2020年高速公路项目竣工验收质量检测技术服务,湘财采计[2020]000337号,刘卓,18975854151,公开招标,"2,801,600元",2020年05月06日 10:00,长沙市雨花区万家丽南路一段1号（天际岭隧道南）,湖南省长沙市雨花区劳动西路528号现代华都家园5栋1101房,黄女士 ,刘先生、余女士 ,0731-85887028,0731-85519161 
2020年05月07日 10:00,湖南省公共资源交易中心(长沙市雨花区万家丽南路二段29号）相应开标室.,2020年公路水运工程建设项目质量监督抽检技术服务,湘财采计[2020]000336号,刘卓,18975854151,公开招标,"2,400,000元",2020年05月07日 10:00,长沙市雨花区万家丽南路一段1号（天际岭隧道南）,湖南省长沙市雨花区劳动西路528号现代华都家园5栋1101房,黄女士 ,刘先生、余女士 ,0731-85887028,0731-85519161 
2020年05月07日 09:00,湖南省公共资源交易中心,2020年图书采购,湘财采计[2020]000223号,陈方,0746-6383316,公开招标,1600000元,2020年05月07日 09:00,永州市零陵区杨梓塘路130号,长沙市雨花区万家丽路二段29号,陈方 ,李中华,0746-6383316 ,89665046 
2020年05月07日 10:00,湖南省公共资源交易中心(长沙市雨花区万家丽南路二段29号）4开标室，详见当天电子显示屏。,网络安全服务,湘财采计[2020]000291号,陈耀家、王辉,0731-82293871,公开招标,"2,235,600元",2020年05月07日 10:00,长沙市五一大道352号,长沙市雨花区迎新路御溪国际3栋2440,赵昊 ,陈耀家、王辉 ,0731-82212513,0731-82293871 
2020年04月30日 09:00,湖南省公共资源交易中心指定开标室（长沙市万家丽南路二段29号）。,湖南省民政厅民政数字展示中心,湘财采计[2020]000366号,崔鹏,0731-84405538,公开招标,"4,083,407.12元",2020年04月30日 09:00,长沙市东风路276号,长沙市雨花区时代阳光大道西388号轻盐雅苑第一栋10层1011室,孙冰 ,崔鹏  夏芳  张维 ,84502027,0731-84405538 
2020年04月30日 09:00,湖南省公共资源交易中心,湖南省人民政府机关物业管理服务,湘财采计[2020]000317号,向海燕,89990081,公开招标,63389270.73元,2020年04月30日 09:00,湖南省长沙市天心区湘府西路8号,长沙市雨花区万家丽路二段29号,向海燕 ,李春林,89990081 ,89665210 
2020年05月06日 10:00,湖南省公共资源交易中心(长沙市雨花区万家丽南路二段29号），详见当天电子显示屏,2020文化馆建设公共数字文化资源采购,湘财采计[2020]000299号,任远,18774896621,公开招标,"3,000,000元",2020年05月06日 10:00,长沙市天心区杉木冲西路69号,长沙高新开发区麓谷大道627号麓谷新长海中心A1栋1102号,刘隽 ,李谦、何芳、任远 ,0731-85286171,13574170349 
2020年05月06日 09:00,湖南省公共资源交易中心,2020年中央财政新校区校园网核心设备采购,湘财采计[2020]000127号,长沙师范学院,84036160,公开招标,2385000元,2020年05月06日 09:00,湖南省长沙县安沙镇长沙师范学院北校区,长沙市雨花区万家丽路二段29号,长沙师范学院 ,李中华,84036160 ,89665046 
2020年04月30日 09:00,湖南省公共资源交易中心,南院宿舍、德智园学生宿舍物业管理服务,湘财采计[2020]000029号,采购人龙群,073188872091,公开招标,1870000元,2020年04月30日 09:00,湖南师范大学,长沙市雨花区万家丽路二段29号,采购人龙群 ,李春林,073188872091 ,89665210 
2020年05月07日 09:00,湘潭市公共资源交易中心开标室（湘潭市岳塘区芙蓉路广电中心西侧尚玲珑小区A栋2楼）,自建学生宿舍热水系统提质改造设备设施采购与安装,湘财采计[2020]000255号,罗赞,17726139815,公开招标,"1,507,282.8元",2020年05月07日 09:00,湖南省湘潭市桃园路湖南科技大学后勤处,湘潭市岳塘区书院路三建兴城大厦10楼（湘潭分公司),阳建文 ,罗赞 ,0731-58290290,0731-84315268 
2020年04月30日 10:00,湖南省公共资源交易中心(长沙市雨花区万家丽南路二段29号）相应开标室（详见当天电子显示屏）,执法服务站建设,湘财采计[2019]010099号,朱强,0731-82204733,公开招标,"747,922.8元",2020年04月30日 10:00,湖南省长沙市长沙县星沙街道星沙东十路6号,长沙市芙蓉中路二段144号城市之心7楼718室,段灿、刘亮  ,刘莎  ,0731-84068180,0731-82204733 
2020年04月29日 10:00,湖南省公共资源交易中心(长沙市雨花区万家丽南路二段29号）相应开标室（详见当天电子显示屏）。,视频综合管控平台前端设备建设,湘财采计[2019]010098号,刘莎,0731-82204733,公开招标,"677,556元",2020年04月29日 10:00,湖南省长沙市长沙县星沙街道星沙东十路6号,长沙市芙蓉中路二段144号城市之心7楼718室,段灿、刘亮 ,刘莎 ,0731-84068180,0731-82204733 
2020年04月30日 10:00,湖南省公共资源交易中心(长沙市雨花区万家丽南路二段29号），详见当天电子显示屏,湖南省统计局机房基础环境整体运维服务招标,湘财采计[2020]000290号,冉光玲、王璜,0731-82293870,公开招标,"4,418,868元",2020年04月30日 10:00,长沙市五一大道352号,长沙市雨花区迎新路御溪国际3栋2440,赵昊 ,冉光玲、王璜 ,82212513,82293870 
2020年04月29日 10:00,湖南省公共资源交易中心(长沙市雨花区万家丽南路二段29号）相应开标室,湖南省2020年直播卫星户户通接收设备招标,湘财采计[2020]000315号,李伟,0731-84530088,公开招标,"30,000,000元",2020年04月29日 10:00,长沙市金鹰影视文化城安居路（机关北院）,长沙市湘府东路二段199号招标大厦,唐先生 ,李伟  谭娜 ,0731-84801442,0731-84530088/84530333 
2020年04月29日 10:00,湖南省公共资源交易中心(长沙市雨花区万家丽南路二段29号）相应开标室,湖南福彩大家乐营销活动运作服务项目,湘财采计[2020]000258号,余欣怡,0731-85718371,公开招标,"2,742,700元",2020年04月29日 10:00,湖南省长沙市开福区湘福路9号,湖南省长沙市岳麓区银盆岭街道岳麓大道57号奥克斯广场2栋24楼24008房,龚毅 ,余欣怡 ,89735641,0731-85718371 
2020年04月29日 09:00,湖南省公共资源交易中心（长沙市雨花区万家丽路二段29号，天际岭隧道南），具体标室请看当天显示屏,2020年省质检院检验检测能力提升重新立项,湘财采计[2020]000093号,宁利,0731-85404616,公开招标,"2,697,000元",2020年04月29日 09:00,长沙市新建西路189号,长沙市开福区新河街道晴岚路68号北辰凤凰天阶苑B1E1区10025房,邹若红 ,王帅 ,0731-89775219,0731-85404616 
2020年04月30日 10:00,湖南省公共资源交易中心(长沙市雨花区万家丽南路二段29号）相应开标室。,娄底高速交通安全视频综合管控平台前端设备和执法服务站建设项目,湘财采计[2019]009644号,孙慧,15111006607,公开招标,"1,006,782.2元",2020年04月30日 10:00,湖南省娄底市娄星区湘中大道215号,长沙高新开发区枫林三路238号梅溪湖畔华苑2栋2011房,曾卫良 ,孙慧 ,17707382298,0731-89819668 
2020年04月29日 09:00,湖南省公共资源交易中心(长沙市雨花区万家丽南路二段29号）相应开标室,全国农作物病虫疫情监测湖南分中心监测点仪器设备及田间配套工程,湘财采计[2019]013469号,左丽,0731-82038189,公开招标,"3,750,000元",2020年04月29日 09:00,长沙市岳麓区枫林路一路9号,湖南省长沙市芙蓉区车站北路459号(烈士公园东门南侧)湖南证券大厦六层,邓先超 ,左丽、朱明丽 ,0731-84453021,0731-82038189 
2020年04月28日 09:30,郴州市市民服务中心4楼市公共资源交易中心第二开标室,北湖校区医学设备采购(第二次）,湘财采计[2019]017264号,田先生,13135351567,公开招标,"1,430,000元",2020年04月28日 09:30,湖南省郴州市郴州大道889号   ,郴州市青年大道与香雪路交汇处玫瑰园12栋201房（东坡岭隧道口旁）,陈宣吟 ,田先生 ,0735-2653222,13135351567 
2020年04月28日 10:30,益阳市公共资源交易中心（迎宾东路355号中南电子商务产业园3#楼二层）,教务管理信息系统升级,湘财采计[2020]000318号,孙跃群,13017375599,公开招标,"1,355,000元",2020年04月28日 10:30,益阳市赫山区迎宾东路518号,益阳市益阳大道东123号,张大勇 ,孙跃群 ,0737-111023,0737-6206391 
2020年04月27日 09:00,湖南省公共资源交易中心,2020年高致病性禽流感三价灭活疫苗采购,湘财采计[2020]000079号,谭运华,85518938,公开招标,54642000元,2020年04月27日 09:00,湖南省长沙市岳麓区潇湘中路61号,长沙市雨花区万家丽路二段29号,谭运华 ,李春林,85518938 ,89665210 
2020年04月26日 09:00,湖南省公共资源交易中心,2020年牛羊口蹄疫O型灭活疫苗采购,湘财采计[2020]000080号,谭运华,85518938,公开招标,15744000元,2020年04月26日 09:00,湖南省长沙市岳麓区潇湘中路61号,长沙市雨花区万家丽路二段29号,谭运华 ,李春林,85518938 ,89665210 
2020年04月26日 09:00,湖南省公共资源交易中心(长沙市雨花区万家丽南路二段29号）相应开标室,学考处2020-2022年学考合格性考试网评服务,湘财采计[2020]000235号,简畅,073185561661,公开招标,"4,500,000元",2020年04月26日 09:00,湖南省长沙市岳麓区潇湘中路271号,湖南省长沙市岳麓区望岳街道谷丰中路209号荣泰广场3栋12楼1234房,李欣桥 ,简畅 ,0731-88090210,13974839424 
2020年04月24日 09:00,湖南省公共资源交易中心(长沙市雨花区万家丽南路二段29号）相应开标室,自考处2020年自考考籍证制作,湘财采计[2020]000236号,简畅,0731-85561661,公开招标,"1,000,000元",2020年04月24日 09:00,湖南省长沙市岳麓区潇湘中路271号,湖南省长沙市岳麓区望岳街道谷丰中路209号荣泰广场3栋12楼1234房,周老师 ,简畅 ,0731-88090240,13974839424 
2020年04月24日 09:00,湖南省公共资源交易中心(长沙市雨花区万家丽南路二段29号）相应开标室（详见当天电子显示屏）,住房公积金综合服务平台运营服务,湘财采计[2020]000201号,孙煜,0731-85161719,公开招标,"33,900,000元",2020年04月24日 09:00,湖南省长沙市雨花区高升路266号,长沙市天心区书院路9号保利国际中心B3栋18楼1801室,陈笑 ,孙煜、罗婷 ,0731-88950112,0731-85161719 
2020年04月28日 10:00,衡阳市公共资源交易中心二楼2号开标室,南华大学医学研究实验中心平台建设设施改造服务项目,湘财采计[2020]000090号,张建怀,13786443020,公开招标,"10,848,153.79元",供应商必须登录衡阳市公共资源交易网，须在报名截止时间前报名确认并成功下载招标文件（以投标截止时间止衡阳市公共资源交易网查询显示的下载文件单位为准），否则，视同报名不成功，其投标无效。,衡阳市常胜西路28号,衡阳市高新技术开发区芙蓉路58号愉景南苑11栋写字楼科创智谷3008室,陈老师   杨老师 ,张建怀 ,0734-8281905,0734-8439857 
2020年04月27日 10:00,湖南省公共资源交易中心(长沙市雨花区万家丽南路二段29号）相应开标室,湖南省统一电子印章服务平台,湘财采计[2020]000226号,蒋婷,0731-85058982,公开招标,"3,910,000元",2020年04月27日 10:00,湖南省长沙市五一大道351号省人民政府机关二院6办公楼,长沙市岳麓区潇湘南路1段208号柏宁地王广场南栋1212室,周婧 ,蒋婷 ,0731-82212160,0731-85058982 
2020年04月24日 10:00,湖南省公共资源交易中心(长沙市雨花区万家丽南路二段29号）相应开标室,湖南省“互联网+政务服务”一体化平台迭代升级,湘财采计[2020]000225号,蒋婷,0731-85058982,公开招标,"15,404,192元",2020年04月24日 10:00,湖南省长沙市五一大道351号省人民政府机关二院6办公楼,长沙市岳麓区潇湘南路1段208号柏宁地王广场南栋1212室,周婧 ,蒋婷 ,0731-82212160,0731-85058982 
2020年04月27日 09:00,湖南省公共资源交易中心(长沙市雨花区万家丽南路二段29号）相应开标室,湖南省“互联网+政务服务”一体化平台迭代升级监理,湘财采计[2020]000227号,蒋婷,0731-85058982,公开招标,"343,800元",2020年04月27日 09:00,湖南省长沙市五一大道351号省人民政府机关二院6办公楼,长沙市岳麓区潇湘南路1段208号柏宁地王广场南栋1212室,周婧 ,蒋婷 ,0731-82212160,0731-85058982 
2020年04月24日 09:00,湖南省公共资源交易中心,2020年牛羊口蹄疫O型-A型灭活疫苗采购,湘财采计[2020]000081号,谭运华,85518938,公开招标,860000元,2020年04月24日 09:00,湖南省长沙市岳麓区潇湘中路61号,长沙市雨花区万家丽路二段29号,谭运华 ,李中华,85518938 ,89665046 
2020年04月24日 10:00,湖南省公共资源交易中心(长沙市雨花区万家丽南路二段29号）相应开标室,应急管理视频会商系统采购项目重新立项,湘财采计[2019]014572号,李清,0731-85058782,公开招标,"2,946,753.67元",2020年04月24日 10:00,长沙市雨花区马王堆南路80号,长沙市岳麓区潇湘南路1段208号柏宁地王广场南栋1212室,夏坚 ,李清 ,0731-89751306,0731-85058782 
2020年04月24日 09:00,湖南省公共资源交易中心(长沙市雨花区万家丽南路二段29号）相应开标室,湖南省危险化学品安全生产风险监测预警系统采购项目重新立项,湘财采计[2019]014573号,左丽,82038189,公开招标,"3,256,170元",2020年04月24日 09:00,湖南省长沙市雨花区马王堆南路80号,湖南省长沙市芙蓉区车站北路459号(烈士公园东门南侧)湖南证券大厦六层,郭华 ,左丽、朱明丽 ,0731-89751297,0731-82038189 
2020年04月28日 09:30,常德市公共资源交易中心第 四 开标室（常德市朗州北路与月亮大道交汇处市民之家东部）,汉寿县人民法院机关物业服务采购,湘财采计[2020]000285号,宋欣霖,0736-2200776,公开招标,"3,196,958.31元",2020年04月28日 09:30,汉寿县龙阳镇S205西侧,湖南岳阳,常丰 ,宋欣霖 ,13707362298,0730-2200776 
2020年04月26日 09:30,永州市公共资源交易中心相应开标室,东安监狱2020年罪犯生活物资（肉类）采购,湘财采计[2020]000174号,欧建斌,18188924577,公开招标,"1,958,800元",2020年04月26日 09:30,永州市东安县新城区青土坪,冷水滩区育才路安大公馆2栋2层203室,禹云环 ,韩雪勇 ,0746-4231721,15869987708 
2020年04月23日 09:00,湖南省公共资源交易中心(长沙市雨花区万家丽南路二段29号）开标室详见当天电子显示屏 ,长沙理工大学2020年教学科研设备购置（第三批）,湘财采计[2020]000192号,刘香,0731-84867212,公开招标,"3,049,500元",2020年04月23日 09:00,长沙市天心区万家丽南路二段960号,长沙市天心区竹塘西路滑油塘76号西侧一栋3楼,刘老师 ,刘香、熊盼 ,0731-85258555,0731-84867212   84118125 
2020年04月22日 10:00,湖南省公共资源交易中心(长沙市雨花区万家丽南路二段29号）相应开标室。,湖南省本级高水平体育后备人才基地器材采购项目,湘财采计[2020]000214号,李清,0731-85058782,公开招标,"5,400,000元",2020年04月22日 10:00,湖南省长沙市体育馆路36号,长沙市岳麓区潇湘南路1段208号柏宁地王广场南栋1212室,李燕华 ,李清 ,0731-84555117,0731-85058782 
2020年04月21日 09:00,湖南省公共资源交易中心(长沙市雨花区万家丽南路二段29号）相应开标室,森林消防局机动支队六大队综合救援建设项目,湘财采计[2020]000137号,左丽,0731-82038189,公开招标,"2,746,715元",2020年04月21日 09:00,湖南省长沙市雨花区马王堆南路80号,湖南省长沙市芙蓉区车站北路459号(烈士公园东门南侧)湖南证券大厦六层,周杨 ,左丽、朱明丽 ,0731-89751240,0731-82038189 
2020年04月22日 09:00,湖南省公共资源交易中心（长沙市雨花区万家丽路二段29号，天际岭隧道南），具体标室请看当天显示屏,湖南省京剧保护传承中心剧场舞台设备购置及安装,湘财采计[2020]000067号,陈亚峰,18073123281,公开招标,"6,001,270.39元",2020年04月22日 09:00,长沙市人民中路259号,长沙市开福区万达广场C1座写字楼2301室,李子冬 ,陈亚峰 ,85161698,18837125198 
2020年04月20日 09:00,湖南省公共资源交易中心开标室（长沙市雨花区万家丽路二段29号，详见当天电子显示屏）,韶山革命纪念地重要执勤目标“智慧磐石”建设项目,湘财采计[2020]000109号,王学海,15581600098,公开招标,"3,100,000元",2020年04月20日 09:00,韶山市韶山冲3号,长沙市芙蓉区东二环一段1139（湖南国际商务中心二楼）,张旭 ,田甜、王学海 ,0731-55685071,0731-844447300转5028  15581600098 
2020年04月17日 09:00,湖南省公共资源交易中心(长沙市雨花区万家丽南路二段29号）相应开标室（详见当天电子显示屏）。    ,“湖南教育大平台”云基础设施租赁,湘财采计[2020]000187号,何绍基,19892853989,公开招标,"2,000,000元",2020年04月17日 09:00,长沙市新建西路77号,长沙市芙蓉区东二环一段1139湖南国际商务中心5楼,汤先生 ,何先生、曹女士、鞠女士、贺先生 ,82191097,0731-84447300转5328 
2020年04月17日 09:00,长沙市雨花区万家丽路二段29号（天际岭隧道南湖南省公共资源交易中心，详见当天电子显示屏）,长沙理工大学2019年教学科研设备购置（第三十一批）,湘财采计[2020]000043号,王明秋,0731-84284413,公开招标,"2,874,900元",2020年04月17日 09:00,长沙市万家丽南路,长沙市晚报大道湘诚时速风标501室/怡程大酒店旁,刘老师 ,王明秋、唐捷杰 ,85258555,0731-84284413、84284403 
2020年04月17日 10:00,湖南省公共资源交易中心(长沙市雨花区万家丽南路二段29号）12开标室，详见当天电子显示屏。,执法服务站建设重新立项,湘财采计[2019]010785号,陈耀家、王辉,0731-82293871,公开招标,"998,000元",2020年04月17日 10:00,郴州市北湖区国庆南路417号,长沙市雨花区迎新路御溪国际3栋2440号,曹慧文 ,陈耀家、王辉 ,18173566909,0731-82293871 
2020年04月17日 09:00,湖南省公共资源交易中心(长沙市雨花区万家丽南路二段29号）相应开标室（详见当天电子显示屏）,国家水资源监控能力建设饮用水源地水质在线站运行维护,湘财采计[2020]000155号,蔡伟,0731-82587018,公开招标,"5,800,000元",2020年04月17日 09:00,长沙市韶山北路370号,湖南省长沙市芙蓉区解放中路18号华侨大厦19楼H 座,尹建国 ,蔡伟 ,0731-85486186,0731-82587018 
2020年04月16日 09:00,长沙市雨花区万家丽路二段29号（天际岭隧道南湖南省公共资源交易中心，详见当天电子显示屏）,湘潭大学材料学院搬迁教学设备采购,湘财采计[2020]000198号,王明秋,0731-84284413,公开招标,"4,590,000元",2020年04月16日 09:00,湘潭市,长沙市晚报大道湘诚时速风标501室/怡程大酒店旁,周老师 ,王明秋、唐捷杰 ,58292065,0731-84284413、84284403（财务） 
2020年04月16日 09:00,湖南省公共资源交易中心(长沙市雨花区万家丽南路二段29号）相应开标室,湖南省妇幼保健院国家卫健委出生缺陷研究与预防重点实验室设备购置,湘财采计[2020]000170号,左丽,0731-82038189,公开招标,"5,000,000元",2020年04月16日 09:00,长沙市开福区湘春路53号,湖南省长沙市芙蓉区车站北路459号(烈士公园东门南侧)湖南证券大厦六层,李也 ,左丽、朱明丽 ,073184332328,0731-82038189 
2020年04月15日 09:00,湖南省公共资源交易中心(长沙市雨花区万家丽南路二段29号）开标室详见当天电子显示屏,长沙理工大学2020年教学科研设备购置（第一批）,湘财采计[2020]017389号,刘香,0731-84867212,公开招标,"3,035,000元",2020年04月15日 09:00,长沙市天心区万家丽南路二段960号,长沙市天心区竹塘西路滑油塘76号西侧一栋3楼（长盛岚庭小区马路对面）,刘老师 ,刘香、熊盼 ,0731-85258555,0731-84867212   84118125 
2020年04月15日 10:00,衡阳市公共资源交易中心二楼第一开标室,南华大学药学院药学学科双一流建设项目,湘财采计[2020]000180号,陈伟华,0734-2880658,公开招标,"920,000元",请在衡阳市公共资源交易网注册并报名，须在报名截止时间前报名确认并成功下载招标文件（以投标截止时间止衡阳市公共资源交易网查询显示的下载文件单位为准），否则，视同报名不成功，其投标无效。,衡阳市常胜西路28号,衡阳市华新区解放大道17号中信大厦705室,陈老师  杨老师 ,陈伟华 ,0734-8281905,07342880658 
2020年04月13日 09:00,湖南省公共资源交易中心(长沙市雨花区万家丽南路二段29号）相应开标室（详见当天电子显示屏）。,省教育数据中心扩容和网络环境保障服务,湘财采计[2020]000119号,何绍基,19892853989,公开招标,"1,500,000元",2020年04月13日 09:00,长沙市雨花亭新建西路77号,长沙市芙蓉区东二环一段1139湖南国际商务中心5楼,吴日云 ,何先生、曹女士、鞠女士、贺先生 ,0731-85357697,0731-84447300转5328 
2020年04月14日 14:30,湖南日升工程咨询有限公司会议室 (湘潭市岳塘区宝塔街道聚富路7号),基建处学生公寓7#8#号楼电梯,湘财采计[2020]000106号,文勇,0731-52437558,公开招标,"4,490,000元",2020年04月14日 14:30,湘潭市书院路42号,湘潭市岳塘区宝塔街道聚富路7号,李小波 ,文勇 ,0731-58662838,13347223488 
2020年04月13日 10:00,湖南省公共资源交易中心(长沙市雨花区万家丽南路二段29号）相应开标室，详见当天电子显示屏。,湖南省尾矿库环境基本信息采集项目重新立项,湘财采计[2019]016197号,罗芳,15874159869,公开招标,"1,100,000元",2020年04月13日 10:00,长沙市雨花区井湾路889号,长沙高新开发区麓谷大道627号麓谷新长海中心A1栋1102号,袁  浩 ,何芳、高峰、任远 ,0731-85076418,15874159869 
2020年04月14日 10:00,长沙市雨花区万家丽路二段29号湖南省价格信息市场（湖南省公共资源交易中心）开标室公开开标（具体开标室见一楼大厅指示）,湖南省空气质量预报决策支持平台,湘财采计[2020]000183号,莫尧典,0731-85177561,公开招标,"5,542,000元",2020年04月14日 10:00,长沙市万家丽路3段118号,湖南省长沙市蔡锷南路天辰腾达商务大厦,骆女士、荣先生 ,莫尧典  薛  浩 ,0731-82592358,0731-85177561/2   zcb7503@qq.com  
2020年04月13日 09:00,衡阳市公共资源交易中心 （衡阳市衡州大道湘桂村蒸德大厦）二楼 6号开标室,产业园组培车间仪器设备重新立项,湘财采计[2019]012160号,翟娟,0734-8193575,公开招标,"419,955元",2020年04月13日 09:00,湖南省衡阳市石鼓区望城路165号,衡阳市华新开发区延安路20号都市春天B栋1304室,汤迪娟 ,翟娟 ,07348591255,0734-8193575 
2020年04月14日 09:00,长沙市雨花区万家丽路二段29号（天际岭隧道南湖南省公共资源交易中心，详见当天电子显示屏）。,长沙理工大学2020年教学科研设备购置（第二批）,湘财采计[2020]000044号,王明秋,0731-84284413,公开招标,"4,854,700元",2020年04月14日 09:00,湖南省长沙市万家丽南路,长沙市晚报大道湘诚时速风标501室/怡程大酒店旁,刘老师 ,王明秋 ,0731-85258555,0731-84284413、84284403 
2020年04月10日 09:00,湖南省公共资源交易中心(长沙市雨花区万家丽南路二段29号）相应开标室,刑事案件涉案视频研判平台,湘财采计[2019]012278号,左丽,17708436343,公开招标,"2,777,800元",2020年04月10日 09:00,长沙市芙蓉区八一路110号,湖南省长沙市芙蓉区车站北路459号(烈士公园东门南侧)湖南证券大厦六层,谭哲 ,左丽、杨剑 ,15388996328,0731-82038189 
2020年04月09日 09:00,湖南省公共资源交易中心,共青团湖南省委园区物业管理,湘财采计[2020]000021号,陈力,13135218800,公开招标,4578000元,2020年04月09日 09:00,长沙市天心区湘府西路1号湖南省青少年活动中心,长沙市雨花区万家丽路二段29号,陈力 ,李春林,13135218800 ,89665210 
2020年04月09日 09:30,益阳市公共资源交易中心开标室益阳高新区中南电子商务园3号楼二楼，迎宾东路355号）。,桃江县人民法院智慧诉讼服务中心项目,湘财采计[2019]015055号,帅开顺,15080740271,公开招标,"1,437,640元",2020年04月09日 09:30,湖南省益阳市桃江县308省道凯邦华通城东侧500米 ,长沙市雨花区湘府东路二段200号华坤时代第1幢17层1707号,傅新兵 ,帅开顺 ,13549738009,15080740271 
2020年04月10日 09:00,湖南省公共资源交易中心，长沙市雨花区万家丽南路二段29号（天际岭隧道南湖南省价格信息中心）,湖南理工学院实验实训中心中央空调采购项目重新立项,湘财采计[2019]017183号,罗成,0731-85135397,公开招标,"13,828,406.93元",2020年04月10日 09:00,湖南省岳阳市湖南理工学院,长沙市雨花区湘府东路二段308号华盛世纪新城25栋2楼201房,蔡老师、李老师 ,罗先生  朱女士 ,0730-8640906,0731-85135397 
2020年04月08日 10:00,湖南省公共资源交易中心(长沙市雨花区万家丽南路二段29号）13开标室，详见当天电子显示屏。,教育大平台在线服务能力及微信直播建设,湘财采计[2020]000118号,陈耀家、王辉, 0731-82293871,公开招标,"1,200,000元",2020年04月08日 10:00,长沙市雨花亭新建西路77号,长沙市雨花区迎新路御溪国际3栋2440,肖玮 ,陈耀家、王辉 ,0731-82207750,0731-82293871 
2020年04月07日 14:30,湘潭市交易中心,湘潭大学研究生院教学设备采购,湘财采计[2020]000151号,肖伟能,15197298300,公开招标,"5,152,500元",2020年04月07日 14:30,湘潭雨湖区羊沽塘,湘潭市高新区芙蓉路66号金侨尚东区4单元1704006号,周老师 ,肖先生 ,58292065,0731-58292065 
2020年04月08日 09:00,湖南省公共资源交易中心,2020年小反刍兽疫活疫苗采购,湘财采计[2020]000082号,谭运华,85518938,公开招标,2540000元,2020年04月08日 09:00,湖南省长沙市岳麓区潇湘中路61号,长沙市雨花区万家丽路二段29号,谭运华 ,欧益清,85518938 ,89665210 
2020年04月07日 09:00,湖南省公共资源交易中心,物业托管服务,湘财采计[2020]017378号,卢老师,84083628,公开招标,1348000元,2020年04月07日 09:00,湖南省长沙县经开区新安路22号,长沙市雨花区万家丽路二段29号,卢老师 ,欧益清,84083628 ,89665210 
2020年04月08日 09:00,湖南省公共资源交易中心,物业管理服务,湘财采计[2020]000026号,长沙师范学院,84036160,公开招标,21510000元,2020年04月08日 09:00,长沙师范学院,长沙市雨花区万家丽路二段29号,长沙师范学院 ,欧益清,84036160 ,89665210 
2020年04月08日 10:00,怀化市公共资源交易中心相应标室,湖南医药学院智慧校园一期建设安防项目重新立项,湘财采计[2020]017388号,易慧娟,0745-2211940,公开招标,"2,321,685元",2020年04月08日 10:00,怀化市锦溪南路492号,长沙市开福区芙蓉北路街道金泰路199号湘江世纪城富湾国际5栋802房,沈磊 ,刘纪程 ,2385117,18692249866 
2020年04月03日 09:00,湖南省公共资源交易中心(地址,清新园项目信息化采购,湘财采计[2020]000143号,聂艳君,13637498328,公开招标,"40,322,403.89元",2020年04月03日 09:00,湖南省长沙市友谊路528号,长沙市雨花区湘府中路117号高升金典商务楼房12层,朱先生、刘星星 ,聂艳君、周异、粟智超 ,0731-88601687、13907312706,0731-84169657 
2020年04月03日 09:30,郴州市市民服务中心4楼市公共资源交易中心第 2 开标室,郴州市中级人民法院审判法庭扩建工程（一期）中央空调多联机主机（第三次）,湘财采计[2020]000048号,陈女士 黄女士,18107355388,公开招标,"2,212,935.31元",2020年04月03日 09:30,郴州市北湖区五岭大道31号, 燕泉路鑫沙苑2栋一单元202-203室,何主任 ,陈女士 黄女士 ,0735-2178837,18107355388 13487861315 0735-8881558 
2020年04月03日 10:00,湖南省公共资源交易中心（长沙市雨花区万家丽路二段29号，天际岭隧道南），具体标室请看当天显示屏,2020年省质检院检验检测能力提升,湘财采计[2020]000094号,朱玄,15074977677,公开招标,"9,988,200元",2020年04月03日 10:00,长沙市新建西路189号,长沙市芙蓉区马王堆街道晚报大道267号长沙晚报报业集团办公楼19楼1901,邹若红 ,朱玄、李志强、汪冶 ,0731-89775219,0731-85573555 
2020年04月03日 09:00,湖南省公共资源交易中心,教学电脑采购,湘财采计[2020]000032号,刘军玉,07374110995,公开招标,1652850元,2020年04月03日 09:00,益阳市赫山区栖霞路135号,长沙市雨花区万家丽路二段29号,刘军玉 ,李中华,07374110995 ,89665046 
2020年04月01日 09:00,湘潭市公共资源交易中心开标室,湘潭大学高性能储能材料制备研发和化学院科研设备采购,湘财采计[2020]000059号,唐女士,073158390160,公开招标,"1,035,259元",2020年04月01日 09:00,中国湖南湘潭雨湖区羊沽塘,湘潭市高新区芙蓉路66号金侨尚东区4单元1704006号,周老师 ,肖伟能 ,58292065,0731-58390160 
2020年04月01日 13:30,衡阳市公共资源交易中心二楼8号开标室,南华大学化学化工学院天然锕系元素研究与应用创新团队设备购置,湘财采计[2020]000061号,张建怀,13786443020,公开招标,"1,626,000元",供应商必须登录衡阳市公共资源交易网，须在报名截止时间前报名确认并成功下载招标文件（以投标截止时间止衡阳市公共资源交易网查询显示的下载文件单位为准），否则，视同报名不成功，其投标无效。,衡阳市常胜西路28号,衡阳市高新技术开发区芙蓉路58号愉景南苑11栋写字楼科创智谷3008室,陈老师  杨老师 ,张建怀 ,0734-8281905,0734-8439857 
2020年04月02日 10:00,登录湖南省公共资源交易服务平台(http://www. hnsggzy.com/)或登录财政部门指定媒体湖南省政府采购网(www.ccgp-hunan.gov.cn)进行下载。,2020年省质检院检验检测能力提升,湘财采计[2020]000096号,蔡伟,0731-82587018,公开招标,"10,139,000元",2020年04月02日 10:00,长沙市新建西路189号,湖南省长沙市芙蓉区解放中路18号华侨大厦19楼H 座,邹若红 ,蔡伟、李丹 ,0731-89775219,0731-82587018 
2020年04月01日 09:00,湖南省公共资源交易中心(长沙市雨花区万家丽南路二段29号）相应开标室（详见当天电子显示屏）。,湖南省政府网站集约化建设系列地方标准研究,湘财采计[2020]000086号,伍先生、余小姐,0731-85560392,公开招标,"750,000元",2020年04月01日 09:00,湖南省长沙市五一大道351号省人民政府机关二院6办公楼,长沙市雨花区劳动东路295号盘龙山酒店（嘉盛店）4楼,周女士 ,伍先生、余女士 ,0731-82212160,0731-85560392 
2020年03月31日 10:00,长沙市雨花区万家丽路二段29号湖南省价格信息市场（湖南省公共资源交易中心）,湖南省消防救援总队在职国家消防员雇主责任险采购项目,湘财采计[2020]000064号,倪超,85177561,公开招标,"2,619,396元",2020年03月31日 10:00,湖南省长沙市岳麓区枫林三路151号,湖南省长沙市蔡锷南路天辰腾达商务大厦,熊会明 ,倪  超  彭  驰  周  敏 ,0731-88119732,0731-85177561/2 
2020年04月01日 09:00,长沙市雨花区万家丽路二段29号（天际岭隧道南湖南省公共资源交易中心，详见当天电子显示屏）。,湖南医药学院中财及双一流设备流标重采重新立项,湘财采计[2019]017299号,王明秋、唐捷杰,0731-84284413,公开招标,"1,519,090元",2020年04月01日 09:00,怀化市,长沙市晚报大道湘诚时速风标501室/怡程大酒店旁,沈磊 ,王明秋、唐捷杰 ,2385117,0731-84284413、84284403 
2020年04月01日 09:00,湖南省公共资源交易中心(长沙市雨花区万家丽南路二段29号）相应开标室（详见当天电子显示屏）,2020年省质检院检验检测能力提升,湘财采计[2020]000095号,杨录贞,84126198,公开招标,"10,933,000元",2020年04月01日 09:00,长沙市新建西路189号,长沙市开福区芙蓉中路（湖南财富中心富座2903房）,邹若红 ,杨录贞 ,0731-89775219  ,84126198 
2020年03月31日 09:00,湖南省公共资源交易中心(长沙市雨花区万家丽南路二段29号）相应开标室（详见当天电子显示屏）,2020年湖南省质检院检验检测能力提升项目,湘财采计[2020]000093号,王帅,0731-85404616,公开招标,"10,043,900元",2020年03月31日 09:00,长沙市新建西路189号,长沙市开福区新河街道晴岚路68号北辰凤凰天阶苑B1E1区10025房,邹若红 ,王帅 ,0731-89775219,0731-85404616 
2020年03月31日 10:00,湖南省公共资源交易中心(长沙市雨花区万家丽南路二段29号）相应开标室（详见当天电子显示屏）。,全省大数据水环境联网及预警预报综合管理平台采购项目,湘财采计[2020]000098号,李峰,13080535682,公开招标,"9,860,000元",2020年03月31日 10:00,长沙市万家丽路3段118号,长沙市万家丽北路星雅美辰1号栋（山东商会大厦）8楼,荣兴 ,李峰 ,0731-82592358,0731-86969178 
2020年03月31日 09:00,株洲市公共资源交易中心六楼开标室[地址,湖南工业大学交通学院检测与传动实验室设备一批（第二次）,湘财采计[2019]016541号,黄俊宁,0731-28781558,公开招标,"922,000元",2020年03月31日 09:00,湖南省株洲市天元区泰山路88号,长沙市雨花区金海路128号领智工业园第A6栋101房,肖老师 ,黄先生 ,0731-22183169,0731-28781558 
2020年03月30日 10:00,湖南省公共资源交易中心(长沙市雨花区万家丽南路二段29号）相应开标室（详见当天电子显示屏）,湖南省政务服务中心信息化项目监理,湘财采计[2020]000074号,刘萍萍,0731-89791108,公开招标,"381,600元",2020年03月30日 10:00,长沙市五一大道351号省政府机关2院,长沙市劳动东路289号嘉盛华庭EA财智中心4楼,周婧 ,刘萍萍 ,0731-82212160,15507310605 
2020年03月27日 09:00,湖南省公共资源交易中心(长沙市雨花区万家丽南路二段29号）相应开标室（详见当天电子显示屏）。,云计算大数据基础平台,湘财采计[2020]000097号,刘莎,0731-82204733,公开招标,"20,170,000元",2020年03月27日 09:00,湖南省长沙市芙蓉区八一路110号,长沙市芙蓉中路二段144号城市之心7楼718室,周威 ,刘莎 ,84597083,0731-82204733 
2020年03月30日 09:00,湖南省公共资源交易中心(长沙市雨花区万家丽南路二段29号）相应开标室（详见当天电子显示屏）。,湖南省长沙航道管理局部分非核心外包服务,湘财采计[2020]000056号,刘莎,0731-82204733,公开招标,"2,522,500元",2020年03月30日 09:00,长沙市天心区友谊路528号,长沙市芙蓉中路二段144号城市之心7楼718室,贺海燕 ,刘莎 ,0731-85823236,0731-82204733 
2020年03月27日 09:30,益阳市公共资源交易中心（湖南省益阳市迎宾东路355号）,建教学设备及软件采购,湘财采计[2020]000075号,张志鹏,15111000343,公开招标,"1,959,600元",2020年03月27日 09:30,益阳市赫山区栖霞路135号 ,长沙市雨花区万家丽中路一段469号华雅财富大厦9楼906室,刘军玉 ,梁昌华 ,07374110995,18627548861 
2020年03月27日 09:00,衡阳市公共资源交易中心二楼3号开标室,南华大学资环安学院矿业工程学科研设备项目,湘财采计[2020]000063号,毛彩霞,0734-8187388,公开招标,"2,052,000元",请在衡阳市公共资源交易网注册并报名，须在报名截止时间前报名确认并成功下载招标文件（以投标截止时间止衡阳市公共资源交易网查询显示的下载文件单位为准），否则，视同报名不成功，其投标无效。,衡阳市常胜西路28号,衡阳市华新开发区长丰大道28号汇景花园2栋1单元1306室,杨老师 陈老师 ,毛彩霞 ,0734-8281905,0734-8187388 
2020年03月27日 09:00,湖南省公共资源交易中心,2020、2021年校园物业管理服务,湘财采计[2020]000001号,陈志强,073158683362,公开招标,7645000元,2020年03月27日 09:00,湖南省湘潭市岳塘区福星东路88号,长沙市雨花区万家丽路二段29号,陈志强 ,欧益清,073158683362 ,89665210 
2020年03月26日 10:00,湖南省公共资源交易中心(长沙市雨花区万家丽南路二段29号）相应开标室,湖南省政务服务中心信息化项目,湘财采计[2020]000073号, 蒋婷,0731-85058982,公开招标,"22,143,400元",2020年03月26日 10:00,湖南省长沙市五一大道351号省人民政府机关二院6办公楼,长沙市岳麓区潇湘南路1段208号柏宁地王广场南栋1212室,周婧 ,蒋婷 ,0731-82212160,0731-85058982 
2020年03月25日 13:30,衡阳市公共资源交易中心二楼1号开标室,南华大学资环安学院大功率微波能发生器与土壤高温烧结设设备购置重新立项,湘财采计[2019]016900号,陈寿斌,0734-8187388,公开招标,"860,000元",请在衡阳市公共资源交易网注册并报名，须在报名截止时间前报名确认并成功下载招标文件（以投标截止时间止衡阳市公共资源交易网查询显示的下载文件单位为准），否则，视同报名不成功，其投标无效。,衡阳市常胜西路28号,衡阳市华新开发区长丰大道28号汇景花园2栋1单元1306室,王老师 陈老师 ,毛彩霞 ,0734-8281905,0734-8187388 
2020年03月24日 09:00,株洲市公共资源交易中心六楼开标室（地址,湖南工业大学2020年度耗材采购,湘财采计[2020]000023号,刘巧燕,13974150055,公开招标,"1,549,301.17元",2020年03月24日 09:00,湖南省株洲市天元区泰山西路88号,株洲市天元区庐山路中信庐山一号公寓楼5楼512室,曹格瑞 ,刘巧燕 ,22183169,28282776 
2020年03月24日 09:00,衡阳市公共资源交易中心二楼3号开标室,南华大学电气工程学院半导体器件分析仪购置项目,湘财采计[2020]000060号,毛彩霞,0734-8381788,公开招标,"770,000元",请在衡阳市公共资源交易网注册并报名，须在报名截止时间前报名确认并成功下载招标文件（以投标截止时间止衡阳市公共资源交易网查询显示的下载文件单位为准），否则，视同报名不成功，其投标无效。,衡阳市常胜西路28号,衡阳市华新开发区长丰大道28号汇景花园2栋1单元1306室,王老师 陈老师 ,毛彩霞 ,0734-8281905,0734-8187388 
2020年03月19日 09:00,湖南省公共资源交易中心(长沙市雨花区万家丽南路二段29号）相应开标室（详见当天电子显示屏）。,湖南省农业农村厅项目申报审批监管系统平台建设,湘财采计[2020]000072号,刘莎,0731-82204733,公开招标,"6,800,000元",2020年03月19日 09:00,长沙市开福区教育街66号,长沙市芙蓉中路二段144号城市之心7楼718室,郝芬 ,刘莎 ,073184487035,0731-82204733 
2020年03月20日 09:00,衡阳市公共资源交易中心二楼第二开标室,南华大学公共卫生学院公共卫生与预防医学创新团队一流学科建设项目,湘财采计[2020]000062号,陈伟华,0734-2880658,公开招标,"1,723,000元",请在衡阳市公共资源交易网注册并报名，须在报名截止时间前报名确认并成功下载招标文件（以投标截止时间止衡阳市公共资源交易网查询显示的下载文件单位为准），否则，视同报名不成功，其投标无效。,衡阳市常胜西路28号,衡阳市华新区解放大道17号中信大厦705室,陈老师  杨老师 ,陈伟华 王莉 ,0734-8281905,07342880658 
2020年03月17日 09:00,湖南省公共资源交易中心,教材,湘财采计[2019]013075号,黄龙,28400338,公开招标,2551680.9元,2020年03月17日 09:00,湖南省株洲市云龙示范区职教大学城明礼路208号,长沙市雨花区万家丽路二段29号,黄龙 ,李春林,28400338 ,89665210 
2020年03月16日 09:00,湖南省公共资源交易中心,2020-2021年物业招标,湘财采计[2020]000036号,邓良才,073184028601,公开招标,10718667元,2020年03月16日 09:00,长沙市星沙特立路5号,长沙市雨花区万家丽路二段29号,邓良才 ,李春林,073184028601 ,89665210 
2020年03月12日 10:00,怀化市公共资源交易中心相应标室,湖南医药学院智慧校园一期建设安防项目,湘财采计[2020]017388号,易慧娟,0745-2211940,公开招标,"2,321,685元",2020年03月12日 10:00,怀化市锦溪南路492号,长沙市开福区芙蓉北路街道金泰路199号湘江世纪城富湾国际5栋802房,沈磊 ,刘纪程 ,2385117,18692249866 
2020年02月24日 10:00,湖南省公共资源交易中心(长沙市雨花区万家丽南路二段29号）相应开标室（详见当天电子显示屏）,湖南省农业农村厅资金项目监管平台建设项目（第二次）,湘财采计[2019]013259号,刘莎,0731-82204733,公开招标,"6,800,000元",2020年02月24日 10:00,长沙市开福区教育街66号,长沙市芙蓉中路二段144号城市之心7楼718室,郝芬 ,刘莎    ,073184487035,0731-82204733 
2020年02月13日 09:30,郴州市市民服务中心4楼市公共资源交易中心第 2 开标室,郴州市中级人民法院审判法庭扩建工程（一期）中央空调多联机主机（第二次）,湘财采计[2020]000048号,陈女士 黄女士,18107355388,公开招标,"2,212,935.31元",2020年02月13日 09:30,郴州市北湖区五岭大道31号,燕泉路鑫沙苑2栋一单元202-203室,何主任 ,陈女士 黄女士 ,0735-2178837,18107355388 
2020年02月18日 10:00,长沙市雨花区万家丽路二段29号湖南省价格信息市场（湖南省公共资源交易中心）开标室公开开标（具体开标室见一楼大厅指示）,湖南省省控空气自动站视频监控管理平台采购项目,湘财采计[2020]000022号,莫尧典,0731-85177561,公开招标,"2,480,000元",2020年02月18日 10:00,长沙市万家丽路3段118号,湖南省长沙市蔡锷南路天辰腾达商务大厦,荣兴 ,莫尧典  薛  浩 ,0731-82592358,0731-85177561   zcb7503@126.com  
2020年02月12日 10:00,湖南省公共资源交易中心(长沙市雨花区万家丽南路二段29号)9开标室,张家界市中级人民法院诉讼服务中心信息化建设,湘财采计[2019]017360号,冉光玲、王璜,0731-82293870,公开招标,"1,281,820元",2020年02月12日 10:00,张家界市永定区西溪坪永定大道,长沙市雨花区迎新路御溪国际3栋2440号,杨文胜 ,冉光玲、王璜 ,0744-8283891,0731-82293870 
2020年02月17日 09:00,湖南省公共资源交易中心（长沙市雨花区万家丽路二段29号，天际岭隧道南；开标室见大厅电子显示屏）,湖南省生态环境监测中心水站巡检及比对监测能力建设项目,湘财采计[2020]000051号,张敏,15116178899,公开招标,"4,268,100元",2020年02月17日 09:00,长沙市万家丽中路三段118号南栋617办公室,长沙市雨花区湘府东路二段108号水岸天际新寓1栋915-923室,荣兴 ,张敏 ,0731-82592358,15116178899 
2020年02月13日 10:00,湖南省公共资源交易中心(长沙市雨花区万家丽南路二段29号）相应开标室,湖南工业大学科技学院云桌面二期,湘财采计[2020]000017号,李志强,13875898698,公开招标,"1,585,495元",2020年02月13日 10:00,株洲市天元区泰山西路88号,长沙市芙蓉区晚报大道267号晚报大厦19楼1901-1905室,曹格瑞 ,李志强、朱玄、汪冶 ,0731-22183169,0731-85573555 
2020年02月12日 10:00,湖南省公共资源交易中心指定开标室（长沙市万家丽南路二段29号）,湖南省消防救援总队2019年机动支队装备采购项目（第二次）,湘财采计[2019]015182号,吴晗,0731-84452269,公开招标,"2,492,900元",2020年02月12日 10:00,湖南省长沙市岳麓区枫林三路151号,长沙市芙蓉中路一段479号建鸿达现代城1707室,喻海洋 ,吴晗、祝婷、康艳 ,0731-88119731,0731-84452269 
2020年02月12日 09:00,湖南省公共资源交易中心指定开标室（长沙市万家丽南路二段29号）,湖南省消防救援总队2019年灭火救援装备采购项目（第二次）,湘财采计[2019]015180号,吴晗,0731-84452269,公开招标,"2,160,000元",2020年02月12日 09:00,湖南省长沙市岳麓区枫林三路151号,长沙市开福区芙蓉中路一段479号建鸿达现代城1707室,喻海洋 ,吴晗、胡洋、康艳   ,0731-88119731,0731-84452269 
2020年02月12日 09:00,湖南省公共资源交易中心指定开标室（长沙市万家丽南路二段29号）,经管综合楼实验室建设项目（第二期）软件部分,湘财采计[2020]000006号,段得前、吴颖、康艳,0731-84452269,公开招标,"6,263,180元",2020年02月12日 09:00,长沙岳麓大道569号,长沙市开福区芙蓉中路一段479号（建鸿达现代城1707室）,王老师、边老师 ,段得前、吴颖、康艳  ,0731-88688224,0731-8452269 
2020年02月18日 10:00,湖南省公共资源交易中心（长沙市雨花区万家丽南路二段29号湖南省价格市场大楼），具体以大厅指示牌为准。,湖南师范大学政府采购公开招标第一批（精密空调，学工平台，网络安全设备）,湘财采计[2020]000034号,王颂飞,0731-85213733,公开招标,"2,700,000元",2020年02月18日 10:00,湖南省长沙市岳麓区麓山路36号,湖南省长沙市岳麓区咸嘉湖街道岳麓大道355号西城龙庭1-4栋商铺1001号,采购人肖华 ,王颂飞 ,073188872366,0731-85213733 
2020年02月20日 09:00,湖南省公共资源交易中心，长沙市雨花区万家丽路二段29号，（具体开标室，详见当天电子显示屏）,湖南师范大学政府采购公开招标第二批（化工院废气排放口改造）,湘财采计[2020]000035号,王莎莎,15874810491,公开招标,"850,000元",2020年02月20日 09:00,长沙市岳麓区麓山路36号,长沙市雨花区万家丽中路一段469号华雅财富大厦9楼906室,肖老师 ,王莎莎、谭晶晶、张志鹏 ,073188872366,0731-82255989 
2020年02月10日 10:00,湖南省公共资源交易中心（长沙市雨花区万家丽路二段29号，天际岭隧道南），具体标室请看当天显示屏,湖南税务信息系统“入云”建设(2),湘财采计[2019]013044号,李志强,13875898698,公开招标,"5,914,400元",2020年02月10日 10:00,长沙市五一大道351号省政府机关2院,长沙市芙蓉区晚报大道267号晚报大厦19楼1901-1905室,周婧 ,朱玄、李志强、汪冶 ,0731-82212160,0731-85018855 
2020年02月19日 09:00,衡阳市公共资源交易中心6号开标室,南华大学新校区环湖景观补种工程服务,湘财采计[2020]000033号,何丹,07348217116,公开招标,"942,131.25元",2020年02月19日 09:00,衡阳市常胜西路28号,衡阳市高新开发区青峰街12号华新花园二期203,陈老师 王老师  ,何丹 ,0734-8281905,0734-8217116 
2020年02月18日 09:00,湖南省公共资源交易中心[湖南省价格市场大楼，长沙市雨花区万家丽南路二段29号],湖南理工学院2020-2023年安全服务项目,湘财采计[2020]000003号,石瑛,0730-8201199,公开招标,"8,568,000元",2020年02月18日 09:00,岳阳市学院路,岳阳市岳阳楼区花板桥路第一世家1102号房,曾老师 ,石瑛 ,0730-8640039,0730-8201199、18673001077 
2020年02月24日 10:00,湖南省公共资源交易中心（长沙市雨花区万家丽路二段29号，天际岭隧道南），具体标室请看当天显示屏,湖南工业大学2019年度包材急需材料类设备一批,湘财采计[2019]016079号,蔡伟,0731-82587018,公开招标,"839,300元",2020年02月24日 10:00,株洲市天元区泰山西路88号,湖南省长沙市芙蓉区解放中路18号华侨大厦19楼,肖钦 ,蔡伟 ,0731-22183171,0731-82587018  
2020年02月18日 10:00,湖南省公共资源交易中心指定开标室（长沙市万家丽南路二段29号）,智慧教室建设,湘财采计[2019]016825号,吴晗,0731-84452269,公开招标,"1,145,000元",2020年02月18日 10:00,湖南省长沙市芙蓉区隆平高科技园,长沙市开福区芙蓉中路一段479号（建鸿达现代城1701室）,周功 ,吴晗、祝婷、康艳 ,18867418941,0731-84452269 
2020年02月07日 10:00,湖南省公共资源交易中心(长沙市雨花区万家丽南路二段29号）相应开标室，详见当天电子显示屏。,湖南省尾矿库环境基础信息采集项目,湘财采计[2019]016197号,何芳,15874159869,公开招标,"2,960,000元",2020年02月07日 10:00,长沙市雨花区井湾路889号,长沙高新开发区麓谷大道627号麓谷新长海中心A1栋1102号,袁  浩 ,何芳、高峰、任远 ,0731-85076418,15874159869 
2020年02月11日 09:00,湖南省公共资源交易中心（长沙市万家丽南路2段29号[湖南省价格信息市场，万家丽南路与黄谷路交汇处东南角，长沙雨花经济开发区管理委员会（湖南省环保科技产业园管委会）正对面]），具体详见一楼大厅指示牌。,怀化铁路运输检察院信息化建设项目,湘财采计[2019]017297号,邓运娥,13207479027,公开招标,"9,849,150.32元",2020年02月11日 09:00,怀化市鹤城区怀北路447号,湖南省长沙市东二环一段1139号湖南国际商务中心五楼507室,吴志清 ,邓运娥、吴安利 、倪芳芳 ,07452183788,0731-28632095 
2020年02月13日 09:00,湖南省公共资源交易中心，长沙市雨花区万家丽路二段29号，（具体开标室，详见当天电子显示屏）,湖南省消防救援总队2019年度国产消防车采购项目一第二次（第6包和第11包）,湘财采计[2019]014403号,邓强,15874810491,公开招标,"5,400,000元",2020年02月13日 09:00,湖南省长沙市岳麓区枫林三路151号,长沙市雨花区万家丽中路一段469号华雅财富大厦9楼906室,刘可兵 ,王莎莎、谭晶晶、张志鹏 ,0731-88119732,15874810491、 0731-82255989 
2020年02月07日 09:00,湖南省公共资源交易中心,物业托管服务,湘财采计[2020]017378号,卢老师,84083628,公开招标,1348000元,2020年02月07日 09:00,湖南省长沙县经开区新安路22号,长沙市雨花区万家丽路二段29号,卢老师 ,欧益清,84083628 ,89665210 
2020年02月10日 10:00,衡阳市公共资源交易中心6号开标室,南华大学新校区基础教学楼区域绿化景观工程服务项目,湘财采计[2020]000008号,张建怀,0734-8439857,公开招标,"3,811,765.33元",供应商必须登录衡阳市公共资源交易网，须在报名截止时间前报名确认并成功下载招标文件（以投标截止时间止衡阳市公共资源交易网查询显示的下载文件单位为准），否则，视同报名不成功，其投标无效。,湖南省衡阳市蒸湘区常胜西路28号,衡阳市华新开发区中信大厦1904房,陈老师 杨老师 ,张建怀 ,0734-8281905,0734-8439857 
2020年02月10日 09:00,衡阳市公共资源交易中心6号开标室,南华大学新校区入口区域绿化景观工程服务项目,湘财采计[2020]000009号,何丹,0734-8217116,公开招标,"17,068,677.04元",2020年02月10日 09:00,衡阳市常胜西路28号,衡阳市高新开发区青峰街12号华新花园二期203,陈老师  王老师  ,何丹 ,0734-8281905,0734-8217116  
2020年02月11日 10:00,湖南省公共资源交易中心（长沙市雨花区万家丽路二段29号，天际岭隧道南），具体标室请看当天显示屏,湘南稀贵金属化合物及其应用湖南省重点实验室科研仪器设备采购,湘财采计[2019]017348号,廖冰冰,18670511388,公开招标,"4,820,000元",2020年02月11日 10:00,郴州市苏仙区王仙岭,长沙市雨花区万家丽中路一段469号华雅财富大厦9楼906室,陈宣吟 ,廖冰冰、王莎莎 ,0735-2653222,18670511388 
2020年02月10日 09:00,湖南省公共资源交易中心（长沙市雨花区万家丽路二段29号，天际岭隧道南；开标室见大厅电子显示屏）,水质自动监测站流量在线监控设备采购项目,湘财采计[2020]000019号,张敏,15116178899,公开招标,"6,000,000元",2020年02月10日 09:00,长沙市万家丽中路三段118号南栋617办公室,长沙市雨花区湘府东路二段108号水岸天际新寓1栋915-923室,荣兴 ,张敏 ,0731-82592358,15116178899 
2020年02月11日 09:00,湖南省公共资源交易中心(长沙市雨花区万家丽南路二段29号）相应开标室,航空制造与维修技术技能人才培养公共实训基地项目电力增容工程,湘财采计[2019]015588号,李伟,0731-84530088,公开招标,"3,984,203.63元",2020年02月11日 09:00,长沙市雨花区跳马镇田心桥,长沙市湘府东路二段199号招标大厦,左老师 ,李伟  谭娜 ,85473645,84530088/84530333 
2020年02月18日 09:00,湖南省公共资源交易中心,2020年中文纸本图书采购,湘财采计[2019]014054号,采购人,07308640039,公开招标,1600000元,2020年02月18日 09:00,湖南岳阳理工学院,长沙市雨花区万家丽路二段29号,采购人 ,李春林,07308640039 ,89665210 
2020年02月19日 10:00,湖南省公共资源交易中心(长沙市雨花区万家丽南路二段29号）相应开标室,大负载竖向振动液压加载系统,湘财采计[2020]000013号,陈紫璇,0731-84169657,公开招标,"3,540,000元",2020年02月19日 10:00,湖南省湘潭市桃园路,长沙市雨花区湘府中路117号高升金典商务楼房12层,胡老师 ,陈紫璇、聂艳君 ,0731-58290210,0731-84169657 
2020年02月12日 10:00,湖南省公共资源交易中心(长沙市雨花区万家丽南路二段29号）相应开标室,教务管理系统,湘财采计[2020]000012号,陈紫璇,0731-84169657,公开招标,"1,500,000元",2020年02月12日 10:00,湖南省湘潭市桃园路,长沙市雨花区湘府中路117号高升金典商务楼房12层,胡老师 ,陈紫璇、聂艳君 ,0731-58290210,0731-84169657 
2020年02月06日 09:00,湖南省公共资源交易中心,经管综合楼实验室建设（第二期）硬件采购,湘财采计[2019]017093号,王老师,0731-88688224,公开招标,4319969.6元,2020年02月06日 09:00,长沙岳麓大道569号,长沙市雨花区万家丽路二段29号,王老师 ,李中华,0731-88688224 ,89665046 
2020年02月07日10:00,湖南省公共资源交易中心(长沙市雨花区万家丽南路二段29号）相应开标室,湖南省南繁科研育种园园区监控设备采购及安装政府采购计划编号,湖南省南繁科研育种园园区监控设备采购及安装政府采购计划编号,朱楠卿,,,"12,940,000元采购项目内容与数量",2020年02月07日10:00,远大一路480号,长沙市雨花区金海路128号长沙国际研创中心第A6栋联系人,任浩 电话,长沙市雨花区金海路128号长沙国际研创中心第A6栋联系人,任浩 电话,0731-85235479-8431、13975680067 传真
2020年02月18日 10:00,衡阳市公共资源交易中心二楼1号开标室,南华大学机械工程学院中央支持地方高校专项仪器设备购置,湘财采计[2020]017392号,周桂香,18569026149,公开招标,"550,000元",供应商必须登录衡阳市公共资源交易网，须在报名截止时间前报名确认并成功下载招标文件（以投标截止时间止衡阳市公共资源交易网查询显示的下载文件单位为准），否则，视同报名不成功，其投标无效。,衡阳市常胜西路28号,衡阳市高新技术开发区芙蓉路58号愉景南苑11栋写字楼科创智谷3008室,陈老师   杨老师 ,张建怀 ,0734-8281905,0734-8439857 
2020年02月18日 09:00,衡阳市公共资源交易中心1号开标室,南华大学雨母校区学生宿舍6栋维修改造工程服务,湘财采计[2020]017391号,张建怀,0734-8439857,公开招标,"2,384,360.58元",供应商必须登录衡阳市公共资源交易网，须在报名截止时间前报名确认并成功下载招标文件（以投标截止时间止衡阳市公共资源交易网查询显示的下载文件单位为准），否则，视同报名不成功，其投标无效。,衡阳市常胜西路28号,衡阳市高新技术开发区芙蓉路58号愉景南苑11栋写字楼科创智谷3008室,陈老师   杨老师 ,张建怀 ,0734-8281905,0734-8439857 
2020年02月17日 10:00,衡阳市公共资源交易中心二楼3开标室,教务处购教学管理平台项目,湘财采计[2019]012463号,李灿,13875756812,公开招标,"2,180,800元",2020年02月17日 10:00,湖南省衡阳市珠晖区衡花路16号,衡阳市蒸湘区光辉街锡缘轩西栋1702室,周鹏 ,李灿 ,0734-8486693,13875756812 
2020年02月05日 09:00,湖南省公共资源交易中心,物业管理服务,湘财采计[2019]016116号,黄龙,28400338,公开招标,8395326.36元,2020年02月05日 09:00,湖南省株洲市云龙示范区职教大学城明礼路208号,长沙市雨花区万家丽路二段29号,黄龙 ,李春林,28400338 ,89665210 
2020年02月11日 09:00,湖南省公共资源交易中心（长沙市雨花区万家丽路二段29号，天际岭隧道南），具体标室请看当天显示屏,湖南省应急指挥中心融合升级改造建设项目（信息化设备）,湘财采计[2019]014532号,蔡伟,0731-82587018,公开招标,"31,179,725元",2020年02月11日 09:00,长沙市雨花区马王堆南路80号,湖南省长沙市芙蓉区解放中路18号华侨大厦19楼H 座,吴永胜 ,蔡伟（13574817999）、李洁如 ,0731-89751319,0731-82587018 
2020年02月10日 10:00,湖南省公共资源交易中心(长沙市雨花区万家丽南路二段29号）相应开标室（详见当天电子显示屏）,新能源汽车实训设备采购,湘财采计[2019]015089号,曹李璐,18973130688,公开招标,"1,092,400元",2020年02月10日 10:00,长沙市开福区万家丽北路一段359号,长沙市雨花区旭辉国际广场C2栋17楼 1707-1715,王老师 ,曹女士 ,0731-84099045,18973130688 
2020年02月18日 10:00,湖南省公共资源交易中心(长沙市雨花区万家丽南路二段29号）相应开标室,2019年中央财政资金仪器设备购置项目（二）重新立项,湘财采计[2019]013648号,郭跃美,0731-84169657,公开招标,"514,900元",2020年02月18日 10:00,湖南省湘潭市桃园路,长沙市雨花区湘府中路117号高升金典商务楼12层,胡大辉 ,陈紫璇、聂艳君 ,0731-58290210,0731-84169657 
2020年02月11日 09:00,湖南省公共资源交易中心,物业管理托管（三年）服务采购,湘财采计[2019]016935号,唐梦,18569087696,公开招标,11850000元,2020年02月11日 09:00,湖南省 长沙市 长沙县 特立西路719号 湖南艺术职业学院,长沙市雨花区万家丽路二段29号,唐梦 ,欧益清,18569087696 ,89665210 
2020年02月06日 10:00,长沙市雨花区万家丽路二段29号湖南省价格信息市场（湖南省公共资源交易中心）开标室公开开标（具体开标室见一楼大厅指示）,2020～2022年国家环境空气背景值监测网衡山站运行维护服务,湘财采计[2019]013714号,莫尧典,13548973608,公开招标,"1,080,000元",2020年02月06日 10:00,长沙市万家丽路3段118号,湖南省长沙市蔡锷南路天辰腾达商务大厦,荣兴 ,莫尧典  薛  浩 ,0731-82592358,0731-85177561 zcb7503@126.com 
2020年02月11日 10:00,长沙市雨花区万家丽路二段29号湖南省价格信息市场（湖南省公共资源交易中心）开标室公开开标（具体开标室见一楼大厅指示）,湖南省生态环境监测中心协同办公综合服务平台,湘财采计[2020]017393号,莫尧典,13548973608,公开招标,"1,000,000元",2020年02月11日 10:00,长沙市万家丽路3段118号,湖南省长沙市蔡锷南路天辰腾达商务大厦,荣兴 ,莫尧典  薛  浩 ,0731-82592358,0731-85177561 zcb7503@qq.com  
2020年02月05日 09:00,湖南省公共资源交易中心(长沙市雨花区万家丽南路二段29号）相应开标室（详见当天电子显示屏）,湖南交通职业技术学院通勤车运营服务采购项目,湘财采计[2019]014218号,姜先生,15874025339,公开招标,"6,600,000元",2020年02月05日 09:00,湖南长沙黄兴镇湖南交通职业技术学院,长沙市天心区新姚南路222号御邦国际广场710室,杜老师 ,姜里科 ,0731-82082002,0731-84434718 
2020年02月11日 10:00,湖南省公共资源交易中心(长沙市雨花区万家丽南路二段29号）相应开标室。,湖南省省建地表水水质自动监测站运营维护项目,湘财采计[2020]017380号,宁波,0731-85137221,公开招标,"7,200,000元",2020年02月11日 10:00,长沙市雨花区万家丽中路3段118号,长沙市雨花区湘府东路二段168号华文森林酒店6楼,陆先生 ,宁波 谭振兴 ,0731-85698149,0731-85137221 
2020年02月07日 10:00,湖南省公共资源交易中心，长沙市雨花区万家丽路二段29号，（具体开标室，详见当天电子显示屏）,湖南有色金属研究院湖南省科技重大专项《微晶石墨的高效高质化利用关键技术研究与产业化》设备采购项目,湘财采计[2019]016655号,王莎莎,15874810491,公开招标,"200,000元",2020年02月07日 10:00,长沙市芙蓉区张公岭亚大路99号,长沙市雨花区万家丽中路一段469号华雅财富大厦9楼906室,何韦璁 ,王莎莎、谭晶晶、张志鹏 ,0731-85239059,0731-82255989 
2020年02月05日 09:00,湖南省公共资源交易中心,后勤与保卫处学院物业管理服务采购,湘财采计[2019]012645号,李小波,58662838,公开招标,16740000元,2020年02月05日 09:00,湘潭市书院路42号,长沙市雨花区万家丽路二段29号,李小波 ,李中华,58662838 ,89665046 
2020年02月05日 10:00,湖南省公共资源交易中心 （湖南省长沙市雨花区万家丽南路二段29号）,湖南省消防救援总队机关综合会议室利旧设备搬迁及新设备采购项目,湘财采计[2019]012852号,周建平,15573819308,公开招标,"806,872元",2020年02月05日 10:00,湖南省长沙市岳麓区枫林三路151号,长沙市芙蓉区东二环一段1139（湖南国际商务中心二楼）,熊会明 ,周建平 ,0731-88119732,15573819308 
2020年02月04日 09:00,湖南省公共资源交易中心,教材,湘财采计[2019]013075号,黄龙,28400338,公开招标,2551680.9元,2020年02月04日 09:00,湖南省株洲市云龙示范区职教大学城明礼路208号,长沙市雨花区万家丽路二段29号,黄龙 ,李春林,28400338 ,89665210 
2020年02月03日 09:00,湖南省公共资源交易中心(长沙市雨花区万家丽南路二段29号）相应开标室（详见当天电子显示屏）。,湖南省农业农村厅资金项目监管平台建设项目,湘财采计[2019]013259号,刘莎,0731-82204733,公开招标,"6,800,000元",2020年02月03日 09:00,长沙市开福区教育街66号,长沙市芙蓉中路二段144号城市之心7楼718室,郝芬 ,刘莎、黄靖、庄美君 ,0731-84487035,0731-82204733 
2020年02月17日 09:00,湖南省公共资源交易中心,图书馆2020-2021年纸本文献资源采购,湘财采计[2019]015379号,周老师,58292065,公开招标,5360000元,2020年02月17日 09:00,湖南省湘潭市湘潭大学,长沙市雨花区万家丽路二段29号,周老师 ,李中华,58292065 ,89665046 
2020年02月04日 09:00,湖南省公共资源交易中心,2020年度公费师范生教材（大中专部分）采购,湘财采计[2019]014667号,湖南文理学院,07367186063,公开招标,1190000元,2020年02月04日 09:00,湖南省常德市洞庭大道3150号,长沙市雨花区万家丽路二段29号,湖南文理学院 ,李中华,07367186063 ,89665046 
2020年01月22日 10:30,郴州市公共资源交易中心,桂阳县人民法院科技法庭建设项目,湘财采计[2019]017310号,陈亚伟,15526263726,公开招标,"1,060,000元",2020年01月22日 10:30,桂阳县人民法院,郴州市苏仙区王仙岭街道郴江路湘南民俗风情街1A04,侯军 ,曾荣 ,17373513966,18673511318 
2020年02月04日 10:00,湖南省公共资源交易中心(长沙市雨花区万家丽南路二段29号）相应开标室。,湖南省重点行业企业用地调查检测项目,湘财采计[2020]017364号,宁波,0731-85137221,公开招标,"29,950,000元",2020年02月04日 10:00,长沙市雨花区万家丽中路3段118号,长沙市雨花区湘府东路二段168号山水熙园5栋601,宋先生 ,宁波、谭振兴 ,85698058,0731-85137221 
2020年02月04日 10:00,湖南省公共资源交易中心(长沙市雨花区万家丽南路二段29号）8开标室(详见一楼LED显示屏),德山监狱扩建工程购置电梯,湘财采计[2019]014251号,罗小姐,0731-85147088,公开招标,"1,180,000元",2020年02月04日 10:00,湖南省常德经济技术开发区崇德路1号,长沙市开福区北辰时代广场中信银行大厦1804A,彭科长 ,罗小姐 ,0736-7304504 , 0731-85147088转0     
2020年01月23日 09:00,湘潭市公共资源交易中心开标室（地址,湘潭大学校园物业管理服务采购项目,湘财采计[2019]016620号,许丹,18873233399,公开招标,"35,340,000元",2020年01月23日 09:00,湖南省湘潭市雨湖区北二环路,湘潭市岳塘区湘潭大道281号万达广场商务楼B座25楼,周老师 ,许 丹  刘凌杰  易学汶 ,0731-58292065,0731-58262652 
2020年01月21日 09:00,湖南省公共资源交易中心,中央财政支持地方高校发展专项资金第二批,湘财采计[2019]013328号,沈磊,2385117,公开招标,3465352元,2020年01月21日 09:00,湖南省怀化市锦溪南路492号,长沙市雨花区万家丽路二段29号,沈磊 ,李中华,2385117 ,89665046 
